forecast_horizon,model,MAE,RMSE,R2
24h,Ridge,4.7744693220078425,6.35971486593439,0.28150459026313013
24h,RandomForest,5.109287609536418,6.180984989236805,0.32132150799995307
24h,GradientBoosting,4.6538640359231955,5.872581057367641,0.38735802615840775
48h,Ridge,10.916536395827203,14.1774372474961,-2.1898931902304075
48h,RandomForest,8.971910489093032,10.691317150073687,-0.814024296781124
48h,GradientBoosting,7.516735449005133,9.019338428793052,-0.29101129013267846
72h,Ridge,10.279518654372195,13.667149254488068,-1.8930356238873616
72h,RandomForest,8.969209987137823,10.761738112222561,-0.7937534338577692
72h,GradientBoosting,8.345945635807803,9.77897242073796,-0.4810998896590186
